titrant_volume_ml,ph
0,2.9
1,2.945
2,2.99
3,3.035
4,3.08
5,3.125
6,3.17
7,3.215
8,3.26
9,3.305
10,3.35
11,3.395
12,3.44
13,3.485
14,3.53
15,3.575
16,3.62
17,3.665
18,3.7101
19,3.7557
20,3.8032
21,3.8598
22,3.9586
23,4.2435
24,5.2173
25,7.525
26,9.8327
27,10.8065
28,11.0914
29,11.1902
30,11.2468
31,11.2943
32,11.3399
33,11.385
34,11.43
35,11.475
36,11.52
37,11.565
38,11.61
39,11.655
40,11.7
41,11.745
42,11.79
43,11.835
44,11.88
45,11.925
46,11.97
47,12.015
48,12.06
49,12.105
50,12.15
