time_min,wavelength_nm,absorbance_au
0,580,0.004
0,582,0.00405
0,584,0.00409
0,586,0.00414
0,588,0.00419
0,590,0.00425
0,592,0.00432
0,594,0.00441
0,596,0.00453
0,598,0.00469
0,600,0.00492
0,602,0.00524
0,604,0.0057
0,606,0.00636
0,608,0.00729
0,610,0.00859
0,612,0.0104
0,614,0.01288
0,616,0.01623
0,618,0.0207
0,620,0.02656
0,622,0.03415
0,624,0.0438
0,626,0.0559
0,628,0.07082
0,630,0.08891
0,632,0.11047
0,634,0.13574
0,636,0.16482
0,638,0.19767
0,640,0.23408
0,642,0.27361
0,644,0.31562
0,646,0.35927
0,648,0.4035
0,650,0.44709
0,652,0.48871
0,654,0.52698
0,656,0.56053
0,658,0.58812
0,660,0.60867
0,662,0.62136
0,664,0.62568
0,666,0.62144
0,668,0.60883
0,670,0.58836
0,672,0.56085
0,674,0.52738
0,676,0.48919
0,678,0.44765
0,680,0.40414
0,682,0.35999
0,684,0.31642
0,686,0.27449
0,688,0.23504
0,690,0.19871
0,692,0.16594
0,694,0.13694
0,696,0.11175
0,698,0.09027
0,700,0.07226
0,702,0.05742
0,704,0.0454
0,706,0.03583
0,708,0.02832
0,710,0.02254
0,712,0.01815
0,714,0.01488
0,716,0.01248
0,718,0.01075
0,720,0.00953
0,722,0.00868
0,724,0.0081
0,726,0.00772
0,728,0.00748
0,730,0.00733
0,732,0.00725
0,734,0.00721
0,736,0.0072
0,738,0.00721
0,740,0.00723
10,580,0.004
10,582,0.00404
10,584,0.00409
10,586,0.00413
10,588,0.00418
10,590,0.00424
10,592,0.0043
10,594,0.00438
10,596,0.00449
10,598,0.00463
10,600,0.00482
10,602,0.00509
10,604,0.00547
10,606,0.00601
10,608,0.00677
10,610,0.00783
10,612,0.00931
10,614,0.01132
10,616,0.01405
10,618,0.01767
10,620,0.02243
10,622,0.02858
10,624,0.03641
10,626,0.04621
10,628,0.05831
10,630,0.07297
10,632,0.09044
10,634,0.11092
10,636,0.13448
10,638,0.1611
10,640,0.19059
10,642,0.22262
10,644,0.25666
10,646,0.29202
10,648,0.32786
10,650,0.36317
10,652,0.39689
10,654,0.42789
10,656,0.45508
10,658,0.47744
10,660,0.49409
10,662,0.50438
10,664,0.50788
10,666,0.50446
10,668,0.49425
10,670,0.47768
10,672,0.4554
10,674,0.42829
10,676,0.39737
10,678,0.36373
10,680,0.3285
10,682,0.29274
10,684,0.25746
10,686,0.2235
10,688,0.19155
10,690,0.16214
10,692,0.1356
10,694,0.11212
10,696,0.09172
10,698,0.07433
10,700,0.05975
10,702,0.04773
10,704,0.03801
10,706,0.03026
10,708,0.02419
10,710,0.01951
10,712,0.01597
10,714,0.01332
10,716,0.01139
10,718,0.00999
10,720,0.00901
10,722,0.00833
10,724,0.00787
10,726,0.00757
10,728,0.00738
10,730,0.00727
10,732,0.00721
10,734,0.00718
10,736,0.00718
10,738,0.0072
10,740,0.00722
20,580,0.004
20,582,0.00404
20,584,0.00409
20,586,0.00413
20,588,0.00418
20,590,0.00423
20,592,0.00429
20,594,0.00436
20,596,0.00445
20,598,0.00457
20,600,0.00474
20,602,0.00496
20,604,0.00527
20,606,0.00571
20,608,0.00633
20,610,0.00719
20,612,0.00837
20,614,0.01
20,616,0.01218
20,618,0.01509
20,620,0.0189
20,622,0.02383
20,624,0.0301
20,626,0.03796
20,628,0.04764
20,630,0.05937
20,632,0.07336
20,634,0.08975
20,636,0.10861
20,638,0.12991
20,640,0.15351
20,642,0.17914
20,644,0.20638
20,646,0.23468
20,648,0.26336
20,650,0.29162
20,652,0.3186
20,654,0.34341
20,656,0.36517
20,658,0.38306
20,660,0.39639
20,662,0.40463
20,664,0.40744
20,666,0.40471
20,668,0.39655
20,670,0.3833
20,672,0.36549
20,674,0.34381
20,676,0.31908
20,678,0.29218
20,680,0.264
20,682,0.2354
20,684,0.20718
20,686,0.18002
20,688,0.15447
20,690,0.13095
20,692,0.10973
20,694,0.09095
20,696,0.07464
20,698,0.06073
20,700,0.04908
20,702,0.03948
20,704,0.0317
20,706,0.02551
20,708,0.02066
20,710,0.01693
20,712,0.0141
20,714,0.012
20,716,0.01045
20,718,0.00935
20,720,0.00857
20,722,0.00803
20,724,0.00767
20,726,0.00744
20,728,0.0073
20,730,0.00721
20,732,0.00717
20,734,0.00716
20,736,0.00717
20,738,0.00719
20,740,0.00722
30,580,0.004
30,582,0.00404
30,584,0.00408
30,586,0.00413
30,588,0.00417
30,590,0.00422
30,592,0.00428
30,594,0.00435
30,596,0.00443
30,598,0.00453
30,600,0.00467
30,602,0.00486
30,604,0.00511
30,606,0.00547
30,608,0.00597
30,610,0.00667
30,612,0.00763
30,614,0.00893
30,616,0.01068
30,618,0.01302
30,620,0.01607
30,622,0.02002
30,624,0.02504
30,626,0.03133
30,628,0.03907
30,630,0.04846
30,632,0.05966
30,634,0.07276
30,636,0.08785
30,638,0.10488
30,640,0.12376
30,642,0.14425
30,644,0.16604
30,646,0.18867
30,648,0.2116
30,650,0.2342
30,652,0.25578
30,654,0.27562
30,656,0.29302
30,658,0.30733
30,660,0.31799
30,662,0.32459
30,664,0.32684
30,666,0.32467
30,668,0.31815
30,670,0.30757
30,672,0.29334
30,674,0.27602
30,676,0.25626
30,678,0.23476
30,680,0.21224
30,682,0.18939
30,684,0.16684
30,686,0.14513
30,688,0.12472
30,690,0.10592
30,692,0.08897
30,694,0.07396
30,696,0.06094
30,698,0.04982
30,700,0.04051
30,702,0.03285
30,704,0.02664
30,706,0.0217
30,708,0.01783
30,710,0.01486
30,712,0.0126
30,714,0.01093
30,716,0.00971
30,718,0.00883
30,720,0.00821
30,722,0.00779
30,724,0.00751
30,726,0.00734
30,728,0.00723
30,730,0.00717
30,732,0.00715
30,734,0.00715
30,736,0.00716
30,738,0.00718
30,740,0.00721
40,580,0.004
40,582,0.00404
40,584,0.00408
40,586,0.00413
40,588,0.00417
40,590,0.00422
40,592,0.00427
40,594,0.00433
40,596,0.00441
40,598,0.0045
40,600,0.00461
40,602,0.00477
40,604,0.00499
40,606,0.00528
40,608,0.00569
40,610,0.00625
40,612,0.00703
40,614,0.00808
40,616,0.00949
40,618,0.01136
40,620,0.01381
40,622,0.01697
40,624,0.02099
40,626,0.02603
40,628,0.03223
40,630,0.03974
40,632,0.04869
40,634,0.05917
40,636,0.07124
40,638,0.08486
40,640,0.09995
40,642,0.11634
40,644,0.13376
40,646,0.15186
40,648,0.17019
40,650,0.18826
40,652,0.20552
40,654,0.22138
40,656,0.2353
40,658,0.24674
40,660,0.25527
40,662,0.26055
40,664,0.26236
40,666,0.26063
40,668,0.25543
40,670,0.24698
40,672,0.23562
40,674,0.22178
40,676,0.206
40,678,0.18882
40,680,0.17083
40,682,0.15258
40,684,0.13456
40,686,0.11722
40,688,0.10091
40,690,0.0859
40,692,0.07236
40,694,0.06037
40,696,0.04997
40,698,0.0411
40,700,0.03367
40,702,0.02755
40,704,0.02259
40,706,0.01865
40,708,0.01557
40,710,0.0132
40,712,0.01141
40,714,0.01008
40,716,0.00911
40,718,0.00841
40,720,0.00793
40,722,0.0076
40,724,0.00739
40,726,0.00725
40,728,0.00717
40,730,0.00714
40,732,0.00713
40,734,0.00713
40,736,0.00715
40,738,0.00718
40,740,0.00721
50,580,0.004
50,582,0.00404
50,584,0.00408
50,586,0.00413
50,588,0.00417
50,590,0.00422
50,592,0.00427
50,594,0.00432
50,596,0.00439
50,598,0.00447
50,600,0.00457
50,602,0.00471
50,604,0.00489
50,606,0.00513
50,608,0.00547
50,610,0.00593
50,612,0.00655
50,614,0.0074
50,616,0.00854
50,618,0.01005
50,620,0.01203
50,622,0.01457
50,624,0.0178
50,626,0.02185
50,628,0.02682
50,630,0.03286
50,632,0.04004
50,634,0.04846
50,636,0.05814
50,638,0.06907
50,640,0.08119
50,642,0.09434
50,644,0.10831
50,646,0.12283
50,648,0.13754
50,650,0.15204
50,652,0.16589
50,654,0.17862
50,656,0.18978
50,658,0.19897
50,660,0.20582
50,662,0.21006
50,664,0.21152
50,666,0.21014
50,668,0.20598
50,670,0.19921
50,672,0.1901
50,674,0.17902
50,676,0.16637
50,678,0.1526
50,680,0.13818
50,682,0.12355
50,684,0.10911
50,686,0.09522
50,688,0.08215
50,690,0.07011
50,692,0.05926
50,694,0.04966
50,696,0.04132
50,698,0.03422
50,700,0.02826
50,702,0.02337
50,704,0.0194
50,706,0.01625
50,708,0.01379
50,710,0.01189
50,712,0.01046
50,714,0.0094
50,716,0.00863
50,718,0.00809
50,720,0.00771
50,722,0.00745
50,724,0.00729
50,726,0.00719
50,728,0.00713
50,730,0.00711
50,732,0.00711
50,734,0.00712
50,736,0.00715
50,738,0.00718
50,740,0.00721
