temperature_c,heating_heat_flow_mw
20,0.03
21,0.03
22,0.03
23,0.03
24,0.03
25,0.03
26,0.03
27,0.03
28,0.03
29,0.03
30,0.03
31,0.03
32,0.03
33,0.03
34,0.03
35,0.03
36,0.03
37,0.03
38,0.03
39,0.03002
40,0.03005
41,0.03014
42,0.0304
43,0.03106
44,0.03262
45,0.0361
46,0.04333
47,0.05735
48,0.08272
49,0.12547
50,0.1924
51,0.28952
52,0.41958
53,0.5794
54,0.75784
55,0.93581
56,1.089
57,1.19308
58,1.23
59,1.19308
60,1.089
61,0.93581
62,0.75784
63,0.5794
64,0.41958
65,0.28952
66,0.1924
67,0.12547
68,0.08272
69,0.05735
70,0.04333
71,0.0361
72,0.03262
73,0.03106
74,0.0304
75,0.03014
76,0.03005
77,0.03002
78,0.03
79,0.03
80,0.03
81,0.03
82,0.03
83,0.03
84,0.03
85,0.03
86,0.03
87,0.03
88,0.03
89,0.03
90,0.03
91,0.03
92,0.03
93,0.03
94,0.03
95,0.03
96,0.03
97,0.03
98,0.03
99,0.03
100,0.03
