temperature_c,mass_percent
30,100.0
40,100.0
50,100.0
60,100.0
70,100.0
80,100.0
90,100.0
100,100.0
110,100.0
120,100.0
130,100.0
140,100.0
150,100.0
160,100.0
170,100.0
180,100.0
190,100.0
200,100.0
210,100.0
220,100.0
230,100.0
240,100.0
250,100.0
260,100.0
270,100.0
280,100.0
290,100.0
300,100.0
310,100.0
320,100.0
330,100.0
340,100.0
350,100.0
360,100.0
370,100.0
380,100.0
390,100.0
400,100.0
410,100.0
420,100.0
430,100.0
440,100.0
450,100.0
460,100.0
470,100.0
480,100.0
490,100.0
500,100.0
510,100.0
520,99.9999
530,99.9999
540,99.9998
550,99.9997
560,99.9995
570,99.9991
580,99.9984
590,99.9972
600,99.9951
610,99.9915
620,99.9852
630,99.9743
640,99.9553
650,99.9224
660,99.8656
670,99.7685
680,99.6042
690,99.3324
700,98.8986
710,98.2437
720,97.3341
730,96.2072
740,94.9928
750,93.8659
760,92.9563
770,92.3014
780,91.8676
790,91.5958
800,91.4315
810,91.3344
820,91.2776
830,91.2447
840,91.2257
850,91.2148
860,91.2085
870,91.2049
880,91.2028
890,91.2016
900,91.2009
