x_mm,y_mm,raman_shift_cm-1,intensity_counts
0,0,100,8.0
0,0,102,8.0
0,0,104,8.0
0,0,106,8.0
0,0,108,8.0
0,0,110,8.0
0,0,112,8.0
0,0,114,8.0
0,0,116,8.0
0,0,118,8.0
0,0,120,8.001
0,0,122,8.006
0,0,124,8.034
0,0,126,8.153
0,0,128,8.598
0,0,130,9.984
0,0,132,13.613
0,0,134,21.534
0,0,136,35.804
0,0,138,56.675
0,0,140,80.615
0,0,142,100.312
0,0,144,108.0
0,0,146,100.312
0,0,148,80.615
0,0,150,56.675
0,0,152,35.804
0,0,154,21.534
0,0,156,13.613
0,0,158,9.984
0,0,160,8.598
0,0,162,8.153
0,0,164,8.034
0,0,166,8.006
0,0,168,8.001
0,0,170,8.0
0,0,172,8.0
0,0,174,8.0
0,0,176,8.0
0,0,178,8.0
0,0,180,8.0
0,0,182,8.0
0,0,184,8.0
0,0,186,8.0
0,0,188,8.0
0,0,190,8.0
0,0,192,8.0
0,0,194,8.0
0,0,196,8.0
0,0,198,8.0
0,0,200,8.0
1,0,100,8.0
1,0,102,8.0
1,0,104,8.0
1,0,106,8.0
1,0,108,8.0
1,0,110,8.0
1,0,112,8.0
1,0,114,8.0
1,0,116,8.0
1,0,118,8.0
1,0,120,8.0
1,0,122,8.003
1,0,124,8.015
1,0,126,8.073
1,0,128,8.309
1,0,130,9.111
1,0,132,11.405
1,0,134,16.892
1,0,136,27.79
1,0,138,45.531
1,0,140,68.653
1,0,142,91.527
1,0,144,106.02
1,0,146,106.02
1,0,148,91.527
1,0,150,68.653
1,0,152,45.531
1,0,154,27.79
1,0,156,16.892
1,0,158,11.405
1,0,160,9.111
1,0,162,8.309
1,0,164,8.073
1,0,166,8.015
1,0,168,8.003
1,0,170,8.0
1,0,172,8.0
1,0,174,8.0
1,0,176,8.0
1,0,178,8.0
1,0,180,8.0
1,0,182,8.0
1,0,184,8.0
1,0,186,8.0
1,0,188,8.0
1,0,190,8.0
1,0,192,8.0
1,0,194,8.0
1,0,196,8.0
1,0,198,8.0
1,0,200,8.0
0,1,100,8.0
0,1,102,8.0
0,1,104,8.0
0,1,106,8.0
0,1,108,8.0
0,1,110,8.0
0,1,112,8.0
0,1,114,8.0
0,1,116,8.0
0,1,118,8.0
0,1,120,8.003
0,1,122,8.015
0,1,124,8.073
0,1,126,8.309
0,1,128,9.111
0,1,130,11.405
0,1,132,16.892
0,1,134,27.79
0,1,136,45.531
0,1,138,68.653
0,1,140,91.527
0,1,142,106.02
0,1,144,106.02
0,1,146,91.527
0,1,148,68.653
0,1,150,45.531
0,1,152,27.79
0,1,154,16.892
0,1,156,11.405
0,1,158,9.111
0,1,160,8.309
0,1,162,8.073
0,1,164,8.015
0,1,166,8.003
0,1,168,8.0
0,1,170,8.0
0,1,172,8.0
0,1,174,8.0
0,1,176,8.0
0,1,178,8.0
0,1,180,8.0
0,1,182,8.0
0,1,184,8.0
0,1,186,8.0
0,1,188,8.0
0,1,190,8.0
0,1,192,8.0
0,1,194,8.0
0,1,196,8.0
0,1,198,8.0
0,1,200,8.0
1,1,100,8.0
1,1,102,8.0
1,1,104,8.0
1,1,106,8.0
1,1,108,8.0
1,1,110,8.0
1,1,112,8.0
1,1,114,8.0
1,1,116,8.0
1,1,118,8.0
1,1,120,8.0
1,1,122,8.001
1,1,124,8.006
1,1,126,8.034
1,1,128,8.153
1,1,130,8.598
1,1,132,9.984
1,1,134,13.613
1,1,136,21.534
1,1,138,35.804
1,1,140,56.675
1,1,142,80.615
1,1,144,100.312
1,1,146,108.0
1,1,148,100.312
1,1,150,80.615
1,1,152,56.675
1,1,154,35.804
1,1,156,21.534
1,1,158,13.613
1,1,160,9.984
1,1,162,8.598
1,1,164,8.153
1,1,166,8.034
1,1,168,8.006
1,1,170,8.001
1,1,172,8.0
1,1,174,8.0
1,1,176,8.0
1,1,178,8.0
1,1,180,8.0
1,1,182,8.0
1,1,184,8.0
1,1,186,8.0
1,1,188,8.0
1,1,190,8.0
1,1,192,8.0
1,1,194,8.0
1,1,196,8.0
1,1,198,8.0
1,1,200,8.0
