wavenumber_cm-1,absorbance_au
4000,0.015
3990,0.015
3980,0.015
3970,0.015
3960,0.015
3950,0.015
3940,0.015
3930,0.015
3920,0.015
3910,0.015
3900,0.015
3890,0.015
3880,0.015
3870,0.015
3860,0.015
3850,0.015
3840,0.015
3830,0.015
3820,0.015
3810,0.015
3800,0.015
3790,0.015
3780,0.015
3770,0.015
3760,0.015
3750,0.015
3740,0.015
3730,0.015
3720,0.015
3710,0.015
3700,0.015
3690,0.015
3680,0.015
3670,0.015
3660,0.015
3650,0.015
3640,0.015
3630,0.015
3620,0.015
3610,0.015
3600,0.015
3590,0.015
3580,0.015
3570,0.015
3560,0.015
3550,0.015
3540,0.015
3530,0.015
3520,0.015
3510,0.015
3500,0.015
3490,0.015
3480,0.015
3470,0.015
3460,0.015
3450,0.015
3440,0.015
3430,0.015
3420,0.015
3410,0.015
3400,0.015
3390,0.015
3380,0.015
3370,0.015
3360,0.015
3350,0.015
3340,0.015
3330,0.015
3320,0.015
3310,0.015
3300,0.015
3290,0.015
3280,0.015
3270,0.015
3260,0.015
3250,0.015
3240,0.015
3230,0.015
3220,0.015
3210,0.015
3200,0.015
3190,0.015
3180,0.015
3170,0.01501
3160,0.01503
3150,0.01506
3140,0.01512
3130,0.01524
3120,0.01547
3110,0.0159
3100,0.01665
3090,0.01795
3080,0.02009
3070,0.02349
3060,0.02871
3050,0.03642
3040,0.04739
3030,0.06237
3020,0.08202
3010,0.10675
3000,0.13652
2990,0.17071
2980,0.20804
2970,0.24653
2960,0.28367
2950,0.31662
2940,0.34261
2930,0.35926
2920,0.365
2910,0.35926
2900,0.34261
2890,0.31662
2880,0.28367
2870,0.24653
2860,0.20804
2850,0.17071
2840,0.13652
2830,0.10675
2820,0.08202
2810,0.06237
2800,0.04739
2790,0.03642
2780,0.02871
2770,0.02349
2760,0.02009
2750,0.01795
2740,0.01665
2730,0.0159
2720,0.01547
2710,0.01524
2700,0.01512
2690,0.01506
2680,0.01503
2670,0.01501
2660,0.015
2650,0.015
2640,0.015
2630,0.015
2620,0.015
2610,0.015
2600,0.015
2590,0.015
2580,0.015
2570,0.015
2560,0.015
2550,0.015
2540,0.015
2530,0.015
2520,0.015
2510,0.015
2500,0.015
2490,0.015
2480,0.015
2470,0.015
2460,0.015
2450,0.015
2440,0.015
2430,0.015
2420,0.015
2410,0.015
2400,0.015
2390,0.015
2380,0.015
2370,0.015
2360,0.015
2350,0.015
2340,0.015
2330,0.015
2320,0.015
2310,0.015
2300,0.015
2290,0.015
2280,0.015
2270,0.015
2260,0.015
2250,0.015
2240,0.015
2230,0.015
2220,0.015
2210,0.015
2200,0.015
2190,0.015
2180,0.015
2170,0.015
2160,0.015
2150,0.015
2140,0.015
2130,0.015
2120,0.015
2110,0.015
2100,0.015
2090,0.015
2080,0.015
2070,0.015
2060,0.015
2050,0.015
2040,0.015
2030,0.015
2020,0.015
2010,0.015
2000,0.015
1990,0.015
1980,0.015
1970,0.015
1960,0.015
1950,0.015
1940,0.015
1930,0.015
1920,0.015
1910,0.015
1900,0.015
1890,0.015
1880,0.01501
1870,0.01503
1860,0.01509
1850,0.0153
1840,0.01591
1830,0.01752
1820,0.02145
1810,0.03019
1800,0.04799
1790,0.08103
1780,0.1368
1770,0.22206
1760,0.3394
1750,0.48341
1740,0.63831
1730,0.77943
1720,0.879
1710,0.915
1700,0.879
1690,0.77943
1680,0.63831
1670,0.48341
1660,0.33941
1650,0.22207
1640,0.13683
1630,0.08109
1620,0.04814
1610,0.03052
1600,0.02214
1590,0.01895
1580,0.01868
1570,0.02044
1560,0.02417
1550,0.03026
1540,0.03937
1530,0.05207
1520,0.06868
1510,0.089
1500,0.11209
1490,0.13625
1480,0.15913
1470,0.17807
1460,0.19061
1450,0.195
1440,0.19061
1430,0.17807
1420,0.15913
1410,0.13625
1400,0.11209
1390,0.089
1380,0.06868
1370,0.05207
1360,0.03936
1350,0.03024
1340,0.02407
1330,0.02014
1320,0.01777
1310,0.01642
1300,0.0157
1290,0.01532
1280,0.01514
1270,0.01506
1260,0.01502
1250,0.01501
1240,0.015
1230,0.015
1220,0.015
1210,0.015
1200,0.015
1190,0.015
1180,0.015
1170,0.015
1160,0.015
1150,0.015
1140,0.015
1130,0.015
1120,0.015
1110,0.015
1100,0.015
1090,0.015
1080,0.015
1070,0.015
1060,0.015
1050,0.015
1040,0.015
1030,0.015
1020,0.015
1010,0.015
1000,0.015
990,0.015
980,0.015
970,0.015
960,0.015
950,0.015
940,0.015
930,0.015
920,0.015
910,0.015
900,0.015
890,0.015
880,0.015
870,0.015
860,0.015
850,0.015
840,0.015
830,0.015
820,0.015
810,0.015
800,0.015
790,0.015
780,0.015
770,0.015
760,0.015
750,0.015
740,0.015
730,0.015
720,0.015
710,0.015
700,0.015
690,0.015
680,0.015
670,0.015
660,0.015
650,0.015
640,0.015
630,0.015
620,0.015
610,0.015
600,0.015
