two_theta_deg,intensity_counts
20.0,61.0
20.05,62.0
20.1,71.0
20.15,67.0
20.2,57.0
20.25,55.0
20.3,65.0
20.35,56.0
20.4,63.0
20.45,65.0
20.5,57.0
20.55,77.0
20.6,65.0
20.65,62.0
20.7,70.0
20.75,63.0
20.8,67.0
20.85,65.0
20.9,78.0
20.95,68.0
21.0,64.0
21.05,54.0
21.1,67.0
21.15,69.0
21.2,65.0
21.25,66.0
21.3,55.0
21.35,67.0
21.4,62.0
21.45,77.0
21.5,71.0
21.55,68.0
21.6,62.0
21.65,80.0
21.7,62.0
21.75,71.0
21.8,67.0
21.85,74.0
21.9,86.0
21.95,68.0
22.0,73.0
22.05,68.0
22.1,69.0
22.15,49.0
22.2,64.0
22.25,67.0
22.3,70.0
22.35,70.0
22.4,61.0
22.45,64.0
22.5,56.0
22.55,69.0
22.6,71.0
22.65,73.0
22.7,57.0
22.75,64.0
22.8,54.0
22.85,61.0
22.9,73.0
22.95,69.0
23.0,56.0
23.05,71.0
23.1,59.0
23.15,53.0
23.2,68.0
23.25,65.0
23.3,67.0
23.35,64.0
23.4,77.0
23.45,68.0
23.5,61.0
23.55,81.0
23.6,66.0
23.65,66.0
23.7,67.0
23.75,83.0
23.8,70.0
23.85,63.0
23.9,55.0
23.95,58.0
24.0,72.0
24.05,78.0
24.1,71.0
24.15,61.0
24.2,67.0
24.25,62.0
24.3,72.0
24.35,68.0
24.4,67.0
24.45,79.0
24.5,64.0
24.55,80.0
24.6,81.0
24.65,58.0
24.7,64.0
24.75,72.0
24.8,82.0
24.85,88.0
24.9,129.0
24.95,169.0
25.0,282.0
25.05,399.0
25.1,621.0
25.15,781.0
25.2,1017.0
25.25,1163.0
25.3,1157.0
25.35,1154.0
25.4,961.0
25.45,832.0
25.5,554.0
25.55,401.0
25.6,267.0
25.65,165.0
25.7,133.0
25.75,98.0
25.8,76.0
25.85,61.0
25.9,59.0
25.95,70.0
26.0,68.0
26.05,73.0
26.1,80.0
26.15,70.0
26.2,69.0
26.25,67.0
26.3,59.0
26.35,71.0
26.4,80.0
26.45,58.0
26.5,55.0
26.55,70.0
26.6,56.0
26.65,69.0
26.7,80.0
26.75,68.0
26.8,72.0
26.85,70.0
26.9,85.0
26.95,60.0
27.0,70.0
27.05,65.0
27.1,50.0
27.15,76.0
27.2,61.0
27.25,78.0
27.3,70.0
27.35,70.0
27.4,68.0
27.45,58.0
27.5,61.0
27.55,62.0
27.6,75.0
27.65,64.0
27.7,72.0
27.75,65.0
27.8,83.0
27.85,59.0
27.9,66.0
27.95,73.0
28.0,79.0
28.05,57.0
28.1,67.0
28.15,71.0
28.2,59.0
28.25,77.0
28.3,60.0
28.35,74.0
28.4,75.0
28.45,70.0
28.5,69.0
28.55,75.0
28.6,68.0
28.65,77.0
28.7,67.0
28.75,60.0
28.8,66.0
28.85,73.0
28.9,63.0
28.95,59.0
29.0,66.0
29.05,75.0
29.1,74.0
29.15,73.0
29.2,69.0
29.25,71.0
29.3,71.0
29.35,79.0
29.4,76.0
29.45,75.0
29.5,79.0
29.55,83.0
29.6,72.0
29.65,94.0
29.7,83.0
29.75,67.0
29.8,75.0
29.85,70.0
29.9,72.0
29.95,67.0
30.0,59.0
30.05,56.0
30.1,63.0
30.15,58.0
30.2,65.0
30.25,68.0
30.3,91.0
30.35,75.0
30.4,71.0
30.45,63.0
30.5,67.0
30.55,67.0
30.6,77.0
30.65,68.0
30.7,63.0
30.75,63.0
30.8,75.0
30.85,57.0
30.9,60.0
30.95,91.0
31.0,67.0
31.05,59.0
31.1,80.0
31.15,69.0
31.2,71.0
31.25,77.0
31.3,86.0
31.35,63.0
31.4,70.0
31.45,71.0
31.5,72.0
31.55,72.0
31.6,55.0
31.65,64.0
31.7,67.0
31.75,71.0
31.8,72.0
31.85,72.0
31.9,59.0
31.95,70.0
32.0,63.0
32.05,69.0
32.1,70.0
32.15,63.0
32.2,62.0
32.25,44.0
32.3,77.0
32.35,73.0
32.4,70.0
32.45,65.0
32.5,75.0
32.55,66.0
32.6,69.0
32.65,82.0
32.7,61.0
32.75,60.0
32.8,77.0
32.85,78.0
32.9,64.0
32.95,57.0
33.0,55.0
33.05,60.0
33.1,61.0
33.15,62.0
33.2,75.0
33.25,67.0
33.3,72.0
33.35,70.0
33.4,63.0
33.45,64.0
33.5,70.0
33.55,73.0
33.6,68.0
33.65,82.0
33.7,67.0
33.75,71.0
33.8,67.0
33.85,59.0
33.9,72.0
33.95,71.0
34.0,77.0
34.05,73.0
34.1,64.0
34.15,66.0
34.2,73.0
34.25,62.0
34.3,82.0
34.35,186.506
34.4,60.0
34.45,61.0
34.5,70.0
34.55,75.0
34.6,64.0
34.65,72.0
34.7,82.0
34.75,74.0
34.8,58.0
34.85,62.0
34.9,74.0
34.95,84.0
35.0,65.0
35.05,72.0
35.1,76.0
35.15,66.0
35.2,66.0
35.25,81.0
35.3,65.0
35.35,59.0
35.4,76.0
35.45,75.0
35.5,64.0
35.55,84.0
35.6,89.0
35.65,90.0
35.7,62.0
35.75,82.0
35.8,81.0
35.85,68.0
35.9,75.0
35.95,65.0
36.0,67.0
36.05,90.0
36.1,76.0
36.15,67.0
36.2,74.0
36.25,58.0
36.3,85.0
36.35,80.0
36.4,71.0
36.45,69.0
36.5,80.0
36.55,83.0
36.6,72.0
36.65,78.0
36.7,74.0
36.75,71.0
36.8,54.0
36.85,91.0
36.9,73.0
36.95,86.0
37.0,73.0
37.05,83.0
37.1,73.0
37.15,79.0
37.2,71.0
37.25,85.0
37.3,82.0
37.35,92.0
37.4,120.0
37.45,144.0
37.5,166.0
37.55,205.0
37.6,258.0
37.65,337.0
37.7,349.0
37.75,381.0
37.8,392.0
37.85,339.0
37.9,342.0
37.95,298.0
38.0,233.0
38.05,208.0
38.1,149.0
38.15,128.0
38.2,123.0
38.25,91.0
38.3,81.0
38.35,98.0
38.4,81.0
38.45,64.0
38.5,79.0
38.55,62.0
38.6,71.0
38.65,78.0
38.7,79.0
38.75,61.0
38.8,66.0
38.85,76.0
38.9,75.0
38.95,73.0
39.0,75.0
39.05,84.0
39.1,82.0
39.15,64.0
39.2,82.0
39.25,57.0
39.3,67.0
39.35,81.0
39.4,68.0
39.45,71.0
39.5,58.0
39.55,65.0
39.6,66.0
39.65,68.0
39.7,80.0
39.75,86.0
39.8,77.0
39.85,68.0
39.9,84.0
39.95,79.0
40.0,79.0
40.05,70.0
40.1,89.0
40.15,90.0
40.2,74.0
40.25,75.0
40.3,65.0
40.35,81.0
40.4,77.0
40.45,70.0
40.5,66.0
40.55,71.0
40.6,88.0
40.65,68.0
40.7,80.0
40.75,79.0
40.8,81.0
40.85,62.0
40.9,73.0
40.95,76.0
41.0,61.0
41.05,82.0
41.1,72.0
41.15,68.0
41.2,57.0
41.25,86.0
41.3,84.0
41.35,80.0
41.4,83.0
41.45,81.0
41.5,85.0
41.55,70.0
41.6,70.0
41.65,90.0
41.7,64.0
41.75,85.0
41.8,102.0
41.85,71.0
41.9,70.0
41.95,82.0
42.0,67.0
42.05,88.0
42.1,66.0
42.15,79.0
42.2,72.0
42.25,72.0
42.3,66.0
42.35,95.0
42.4,62.0
42.45,62.0
42.5,60.0
42.55,69.0
42.6,69.0
42.65,67.0
42.7,60.0
42.75,60.0
42.8,76.0
42.85,75.0
42.9,70.0
42.95,71.0
43.0,69.0
43.05,78.0
43.1,66.0
43.15,77.0
43.2,75.0
43.25,70.0
43.3,74.0
43.35,87.0
43.4,68.0
43.45,85.0
43.5,72.0
43.55,86.0
43.6,65.0
43.65,64.0
43.7,65.0
43.75,76.0
43.8,76.0
43.85,64.0
43.9,70.0
43.95,85.0
44.0,69.0
44.05,90.0
44.1,70.0
44.15,65.0
44.2,81.0
44.25,79.0
44.3,69.0
44.35,74.0
44.4,74.0
44.45,73.0
44.5,61.0
44.55,72.0
44.6,75.0
44.65,86.0
44.7,75.0
44.75,90.0
44.8,75.0
44.85,65.0
44.9,69.0
44.95,85.0
45.0,62.0
45.05,64.0
45.1,67.0
45.15,72.0
45.2,90.0
45.25,69.0
45.3,71.0
45.35,79.0
45.4,74.0
45.45,81.0
45.5,82.0
45.55,72.0
45.6,74.0
45.65,81.0
45.7,69.0
45.75,85.0
45.8,84.0
45.85,73.0
45.9,74.0
45.95,89.0
46.0,57.0
46.05,82.0
46.1,58.0
46.15,84.0
46.2,73.0
46.25,73.0
46.3,69.0
46.35,72.0
46.4,85.0
46.45,64.0
46.5,76.0
46.55,87.0
46.6,78.0
46.65,77.0
46.7,69.0
46.75,70.0
46.8,68.0
46.85,65.0
46.9,67.0
46.95,71.0
47.0,66.0
47.05,76.0
47.1,77.0
47.15,75.0
47.2,74.0
47.25,84.0
47.3,88.0
47.35,90.0
47.4,82.0
47.45,79.0
47.5,104.0
47.55,92.0
47.6,153.0
47.65,185.0
47.7,237.0
47.75,289.0
47.8,392.0
47.85,460.0
47.9,528.0
47.95,590.0
48.0,619.0
48.05,585.0
48.1,502.0
48.15,432.0
48.2,363.0
48.25,261.0
48.3,209.0
48.35,180.0
48.4,144.0
48.45,86.0
48.5,94.0
48.55,88.0
48.6,80.0
48.65,71.0
48.7,66.0
48.75,67.0
48.8,74.0
48.85,90.0
48.9,76.0
48.95,91.0
49.0,75.0
49.05,82.0
49.1,90.0
49.15,52.0
49.2,69.0
49.25,97.0
49.3,69.0
49.35,66.0
49.4,73.0
49.45,83.0
49.5,78.0
49.55,69.0
49.6,70.0
49.65,69.0
49.7,81.0
49.75,82.0
49.8,75.0
49.85,88.0
49.9,81.0
49.95,79.0
50.0,63.0
50.05,91.0
50.1,81.0
50.15,65.0
50.2,74.0
50.25,75.0
50.3,74.0
50.35,85.0
50.4,68.0
50.45,82.0
50.5,83.0
50.55,67.0
50.6,78.0
50.65,68.0
50.7,66.0
50.75,61.0
50.8,77.0
50.85,74.0
50.9,89.0
50.95,80.0
51.0,80.0
51.05,72.0
51.1,86.0
51.15,72.0
51.2,83.0
51.25,68.0
51.3,78.0
51.35,81.0
51.4,70.0
51.45,81.0
51.5,59.0
51.55,81.0
51.6,77.0
51.65,63.0
51.7,71.0
51.75,79.0
51.8,74.0
51.85,83.0
51.9,78.0
51.95,76.0
52.0,66.0
52.05,82.0
52.1,101.0
52.15,78.0
52.2,82.0
52.25,67.0
52.3,81.0
52.35,79.0
52.4,73.0
52.45,81.0
52.5,71.0
52.55,101.0
52.6,70.0
52.65,71.0
52.7,65.0
52.75,79.0
52.8,73.0
52.85,82.0
52.9,90.0
52.95,73.0
53.0,94.0
53.05,78.0
53.1,96.0
53.15,76.0
53.2,75.0
53.25,67.0
53.3,80.0
53.35,91.0
53.4,94.0
53.45,111.0
53.5,151.0
53.55,153.0
53.6,177.0
53.65,209.0
53.7,212.0
53.75,282.0
53.8,289.0
53.85,326.0
53.9,323.0
53.95,337.0
54.0,278.0
54.05,255.0
54.1,241.0
54.15,223.0
54.2,179.0
54.25,148.0
54.3,104.0
54.35,109.0
54.4,97.0
54.45,85.0
54.5,87.0
54.55,91.0
54.6,76.0
54.65,98.0
54.7,125.0
54.75,145.0
54.8,161.0
54.85,194.0
54.9,254.0
54.95,260.0
55.0,285.0
55.05,291.0
55.1,340.0
55.15,302.0
55.2,317.0
55.25,245.0
55.3,212.0
55.35,179.0
55.4,174.0
55.45,136.0
55.5,123.0
55.55,106.0
55.6,96.0
55.65,99.0
55.7,65.0
55.75,82.0
55.8,88.0
55.85,74.0
55.9,88.0
55.95,76.0
56.0,92.0
56.05,83.0
56.1,87.0
56.15,84.0
56.2,77.0
56.25,63.0
56.3,93.0
56.35,73.0
56.4,74.0
56.45,77.0
56.5,64.0
56.55,96.0
56.6,78.0
56.65,89.0
56.7,84.0
56.75,69.0
56.8,64.0
56.85,74.0
56.9,78.0
56.95,94.0
57.0,73.0
57.05,102.0
57.1,84.0
57.15,72.0
57.2,73.0
57.25,78.0
57.3,81.0
57.35,75.0
57.4,75.0
57.45,93.0
57.5,70.0
57.55,83.0
57.6,85.0
57.65,83.0
57.7,76.0
57.75,76.0
57.8,80.0
57.85,83.0
57.9,77.0
57.95,75.0
58.0,68.0
58.05,69.0
58.1,75.0
58.15,64.0
58.2,80.0
58.25,85.0
58.3,83.0
58.35,97.0
58.4,82.0
58.45,66.0
58.5,77.0
58.55,81.0
58.6,65.0
58.65,85.0
58.7,75.0
58.75,100.0
58.8,74.0
58.85,80.0
58.9,92.0
58.95,74.0
59.0,80.0
59.05,73.0
59.1,98.0
59.15,71.0
59.2,89.0
59.25,75.0
59.3,84.0
59.35,76.0
59.4,76.0
59.45,91.0
59.5,106.0
59.55,101.0
59.6,80.0
59.65,90.0
59.7,69.0
59.75,87.0
59.8,75.0
59.85,91.0
59.9,78.0
59.95,95.0
60.0,72.0
60.05,78.0
60.1,195.311
60.15,84.0
60.2,82.0
60.25,83.0
60.3,93.0
60.35,64.0
60.4,75.0
60.45,102.0
60.5,81.0
60.55,79.0
60.6,78.0
60.65,87.0
60.7,79.0
60.75,77.0
60.8,82.0
60.85,80.0
60.9,79.0
60.95,73.0
61.0,92.0
61.05,77.0
61.1,94.0
61.15,100.0
61.2,69.0
61.25,89.0
61.3,90.0
61.35,77.0
61.4,78.0
61.45,83.0
61.5,56.0
61.55,78.0
61.6,93.0
61.65,100.0
61.7,92.0
61.75,88.0
61.8,72.0
61.85,89.0
61.9,80.0
61.95,81.0
62.0,96.0
62.05,82.0
62.1,87.0
62.15,89.0
62.2,112.0
62.25,114.0
62.3,142.0
62.35,155.0
62.4,214.0
62.45,248.0
62.5,268.0
62.55,317.0
62.6,325.0
62.65,338.0
62.7,380.0
62.75,333.0
62.8,325.0
62.85,289.0
62.9,274.0
62.95,232.0
63.0,199.0
63.05,146.0
63.1,154.0
63.15,106.0
63.2,122.0
63.25,110.0
63.3,85.0
63.35,93.0
63.4,71.0
63.45,92.0
63.5,87.0
63.55,99.0
63.6,74.0
63.65,77.0
63.7,75.0
63.75,85.0
63.8,66.0
63.85,87.0
63.9,73.0
63.95,75.0
64.0,82.0
64.05,77.0
64.1,106.0
64.15,84.0
64.2,82.0
64.25,80.0
64.3,79.0
64.35,72.0
64.4,96.0
64.45,80.0
64.5,76.0
64.55,89.0
64.6,78.0
64.65,87.0
64.7,82.0
64.75,79.0
64.8,78.0
64.85,86.0
64.9,82.0
64.95,86.0
65.0,87.0
65.05,79.0
65.1,83.0
65.15,63.0
65.2,83.0
65.25,65.0
65.3,88.0
65.35,83.0
65.4,78.0
65.45,100.0
65.5,81.0
65.55,80.0
65.6,91.0
65.65,91.0
65.7,77.0
65.75,90.0
65.8,72.0
65.85,88.0
65.9,90.0
65.95,84.0
66.0,78.0
66.05,68.0
66.1,72.0
66.15,88.0
66.2,80.0
66.25,73.0
66.3,96.0
66.35,79.0
66.4,73.0
66.45,90.0
66.5,70.0
66.55,75.0
66.6,81.0
66.65,90.0
66.7,80.0
66.75,85.0
66.8,92.0
66.85,81.0
66.9,89.0
66.95,87.0
67.0,73.0
67.05,88.0
67.1,81.0
67.15,77.0
67.2,83.0
67.25,90.0
67.3,94.0
67.35,80.0
67.4,81.0
67.45,89.0
67.5,83.0
67.55,78.0
67.6,73.0
67.65,91.0
67.7,95.0
67.75,75.0
67.8,78.0
67.85,86.0
67.9,84.0
67.95,73.0
68.0,89.0
68.05,95.0
68.1,83.0
68.15,85.0
68.2,86.0
68.25,73.0
68.3,78.0
68.35,78.0
68.4,80.0
68.45,83.0
68.5,87.0
68.55,76.0
68.6,105.0
68.65,80.0
68.7,67.0
68.75,94.0
68.8,65.0
68.85,80.0
68.9,90.0
68.95,85.0
69.0,100.0
69.05,80.0
69.1,83.0
69.15,107.0
69.2,95.0
69.25,69.0
69.3,75.0
69.35,93.0
69.4,88.0
69.45,91.0
69.5,85.0
69.55,87.0
69.6,96.0
69.65,78.0
69.7,98.0
69.75,89.0
69.8,77.0
69.85,81.0
69.9,96.0
69.95,80.0
70.0,107.0
